feature,pearson_r,spearman_r,mutual_information_nats,mi_discrete_feature
trip_distance,0.8535216239142671,0.8465783285805248,0.910073229277164,False
pickup_hour,-0.019985919664150014,-0.006466848808659957,0.012990212982811222,True
day_of_week,0.002302511037746696,0.011906422104283106,0.0003655192917149108,True
is_weekend,-0.004206089645426215,0.0007116872540681763,0.0,True
passenger_count,0.013191075716689626,0.020538946122347974,0.007275443727216224,True
pickup_longitude,0.4186936987917527,0.04401330531573262,0.09898266096126385,False
pickup_latitude,-0.21416637929079452,-0.07759755302719083,0.0808480263652962,False
dropoff_longitude,0.2983616700665418,0.10597753554138797,0.11813784350713519,False
dropoff_latitude,-0.17347204217169057,-0.08951364672486552,0.10475955128553327,False
