feature,pearson_r,spearman_r
trip_distance,0.8535216239142671,0.8465783285805248
pickup_hour,-0.019985919664150014,-0.006466848808659957
day_of_week,0.002302511037746696,0.011906422104283106
is_weekend,-0.004206089645426215,0.0007116872540681763
passenger_count,0.013191075716689626,0.020538946122347974
pickup_longitude,0.4186936987917527,0.04401330531573262
pickup_latitude,-0.21416637929079452,-0.07759755302719083
dropoff_longitude,0.2983616700665418,0.10597753554138797
dropoff_latitude,-0.17347204217169057,-0.08951364672486552
